prompt_id,completion_text
1,"The capital of France is Paris, located in the north-central part of the country along the Seine River."
2,"Quantum computing uses quantum bits (qubits) that can exist in multiple states simultaneously, allowing for exponentially faster calculations than classical computers."
3,"Cherry blossoms bloom, Gentle breeze carries sweet scent, Spring awakens life."
4,"To make chocolate chip cookies: cream butter and sugar, add eggs and vanilla, mix in flour and baking soda, fold in chocolate chips, bake at 375°F for 9-11 minutes."
5,"Renewable energy reduces greenhouse gas emissions, decreases dependence on fossil fuels, creates jobs, and provides sustainable long-term energy solutions."
6,"The water cycle involves evaporation from oceans and lakes, condensation into clouds, precipitation as rain or snow, and collection back into water bodies."
7,"Machine learning is a subset of AI where computers learn patterns from data without being explicitly programmed, improving performance through experience."
8,"Photosynthesis converts sunlight, carbon dioxide, and water into glucose and oxygen using chlorophyll in plant cells, providing energy for plant growth."
9,"Einstein's theory of relativity describes how space and time are interconnected and how gravity affects the fabric of spacetime, with time slowing near massive objects."
10,"Climate change is primarily caused by increased greenhouse gas emissions from human activities like burning fossil fuels, deforestation, and industrial processes."
11,"Vaccines work by introducing weakened or inactive pathogens to stimulate the immune system to produce antibodies, creating immunity without causing disease."
12,"AI is the broader concept of machines performing tasks intelligently, while ML is a specific approach to achieve AI through learning from data."
13,"The human digestive system breaks down food through mechanical and chemical processes, absorbing nutrients in the small intestine and eliminating waste."
14,"Solar panels convert sunlight into electricity using photovoltaic cells that generate electrical current when photons knock electrons loose from atoms."
15,"Blockchain is a distributed ledger technology that records transactions across multiple computers in a way that makes them tamper-resistant and transparent."
16,"DNA contains genetic instructions in four nucleotide bases (A, T, G, C) that code for proteins, with genes inherited from parents determining traits."
17,"The internet works through interconnected networks using protocols like TCP/IP to route data packets between computers worldwide."
18,"The moon phases occur due to its orbital position relative to Earth and the sun, creating different illuminated portions visible from Earth."
19,"Car engines convert fuel into motion through controlled explosions in cylinders, with pistons converting combustion pressure into rotational motion."
20,"Cryptocurrency is digital money secured by cryptography and decentralized through blockchain technology, operating without central authority."
21,"Birds fly using lift generated by their wing shape, thrust from wing beats, and lightweight hollow bones for efficient aerial movement."
22,"The greenhouse effect occurs when atmospheric gases trap heat from the sun, keeping Earth warm enough to support life."
23,"Artificial neural networks mimic biological neurons, processing information through interconnected nodes with weighted connections that learn patterns."
24,"GPS works using satellite signals to triangulate position, with receivers calculating distance to multiple satellites to determine precise location."
25,"An atom consists of a nucleus containing protons and neutrons, surrounded by electrons in energy shells or orbitals."
26,"Earthquakes occur when tectonic plates suddenly shift along fault lines, releasing stored energy as seismic waves through the Earth's crust."
27,"Antibiotics kill or inhibit bacterial growth by disrupting essential cellular processes like cell wall synthesis or protein production."
28,"Cloud computing delivers computing services over the internet, allowing on-demand access to servers, storage, and applications without local infrastructure."
29,"The nitrogen cycle converts atmospheric nitrogen through fixation, nitrification, and denitrification processes, making it available for biological use."
30,"3D printing builds objects layer by layer from digital designs using materials like plastics, metals, or ceramics through additive manufacturing."
31,"The atmosphere has five layers: troposphere (weather), stratosphere (ozone), mesosphere (meteors burn), thermosphere (aurora), and exosphere (space transition)."
32,"Gene therapy treats diseases by introducing genetic material into patient cells to correct defective genes or provide new cellular functions."
33,"Electric cars use battery-powered motors instead of combustion engines, converting electrical energy into mechanical motion with high efficiency."
34,"Infinity is a mathematical concept representing limitless quantity or extent, used to describe endlessly increasing values or unbounded sets."
35,"Ocean tides result from gravitational forces between Earth, moon, and sun, with the moon's proximity creating stronger tidal effects."
36,"Fiber optic communication transmits data as light pulses through glass fibers, enabling high-speed, long-distance information transfer."
37,"Evolution is the process by which species change over time through natural selection, genetic mutation, and environmental adaptation."
38,"Quantum entanglement is a phenomenon where particles become correlated so that measuring one instantly affects the other, regardless of distance."
39,"Wind turbines convert kinetic energy from moving air into electrical energy using rotating blades that drive generators."
40,"The brain consists of neurons organized into regions controlling different functions like memory, movement, and sensory processing."
41,"Dark matter is invisible matter that doesn't interact with light but exerts gravitational effects, comprising about 27% of the universe."
42,"Nuclear fission splits heavy atomic nuclei into lighter elements, releasing enormous energy used in power plants and weapons."
43,"Water treatment removes contaminants through filtration, sedimentation, disinfection, and chemical processes to produce safe drinking water."
44,"CRISPR is a gene editing tool that allows precise modification of DNA sequences, enabling treatment of genetic diseases and crop improvement."
45,"Submarines navigate underwater using sonar, GPS when surfaced, inertial navigation systems, and detailed charts of ocean depths."
46,"The carbon cycle moves carbon through atmosphere, oceans, land, and living organisms via processes like photosynthesis and respiration."
47,"Nanotechnology manipulates matter at the molecular scale to create materials and devices with novel properties and applications."
48,"MRI uses powerful magnetic fields and radio waves to create detailed images of internal body structures without ionizing radiation."
49,"Batteries store energy through chemical reactions between electrodes and electrolytes, converting chemical energy to electrical energy when needed."
50,"The Big Bang theory explains the universe's origin from an extremely hot, dense point that expanded and cooled over 13.8 billion years."
1,"Paris is the capital city of France and serves as its political, economic, and cultural center."
2,"Quantum computing harnesses quantum mechanical phenomena to process information in ways impossible for classical computers."
3,"Petals dance free, Nature's symphony begins, Hope blooms everywhere."
4,"Mix 1 cup butter, 3/4 cup brown sugar, 1/2 cup white sugar, 2 eggs, 2 1/4 cups flour, 1 tsp baking soda, 1 tsp salt, 2 cups chocolate chips. Bake 375°F for 10 minutes."
5,"Benefits include reduced carbon emissions, energy independence, job creation, and sustainable economic growth."
6,"Water evaporates, forms clouds, precipitates as rain, and flows back to oceans in a continuous cycle."
7,"Machine learning enables computers to improve performance on tasks through experience without explicit programming."
8,"Plants use sunlight to convert CO2 and water into glucose, releasing oxygen as a byproduct."
9,"Relativity shows that space and time are relative, mass affects spacetime curvature, and nothing travels faster than light."
10,"Human activities like fossil fuel combustion increase atmospheric CO2, trapping more heat and warming the planet."
11,"Vaccines train the immune system to recognize and fight specific diseases by exposing it to harmless versions of pathogens."
12,"Artificial Intelligence encompasses all intelligent machine behaviors, while Machine Learning specifically refers to learning from data."
13,"Food travels through mouth, esophagus, stomach, small intestine, and large intestine, with nutrients absorbed along the way."
14,"Photovoltaic cells in solar panels create electric current when sunlight excites electrons, generating clean electricity."
15,"Blockchain creates tamper-proof transaction records by linking cryptographically secured blocks across distributed networks."
16,"Genetic information stored in DNA determines inherited characteristics through sequences of nucleotide bases."
17,"Internet protocols route data packets through interconnected networks, enabling global communication and information sharing."
18,"Moon phases result from changing angles of sunlight reflection as the moon orbits Earth."
19,"Internal combustion engines burn fuel in cylinders, with expanding gases pushing pistons to create rotational motion."
20,"Digital currencies use cryptographic security and operate on decentralized networks without traditional banking intermediaries."
21,"Wing shape creates lift while flapping provides thrust, with hollow bones reducing weight for efficient flight."
22,"Atmospheric gases absorb and re-emit Earth's thermal radiation, maintaining temperatures suitable for life."
23,"Neural networks process information through interconnected artificial neurons that learn by adjusting connection weights."
24,"Satellite-based positioning calculates location by measuring signal travel times from multiple GPS satellites."
25,"Atoms contain a dense nucleus of protons and neutrons surrounded by orbiting electrons in distinct energy levels."
26,"Tectonic plate movements along fault lines suddenly release accumulated stress as earthquake vibrations."
27,"Antibiotics target specific bacterial structures or processes, killing bacteria or preventing their reproduction."
28,"Distributed computing resources accessed via internet, providing scalable services without local hardware requirements."
29,"Biological and chemical processes convert atmospheric nitrogen into forms usable by living organisms."
30,"Layer-by-layer construction from digital models using various materials and manufacturing techniques."
31,"Earth's atmosphere consists of distinct layers with different temperature, pressure, and composition characteristics."
32,"Therapeutic technique introducing functional genes to treat or prevent genetic disorders and diseases."
33,"Battery-powered electric motors provide efficient, quiet, zero-emission vehicle propulsion."
34,"Mathematical representation of unlimited or unbounded quantity, essential in calculus and set theory."
35,"Gravitational interactions between Earth, moon, and sun create regular rise and fall of sea levels."
36,"Light-based data transmission through optical fibers enables high-bandwidth, long-distance communication."
37,"Species change through genetic variation, natural selection, and environmental pressures over generations."
38,"Quantum phenomenon where particles share correlated properties instantaneously regardless of separation distance."
39,"Aerodynamic blades capture wind energy and rotate generators to produce electrical power."
40,"Complex neural networks process sensory input, control body functions, and enable consciousness and thought."
41,"Undetectable matter inferred from gravitational effects, forming the majority of universal mass."
42,"Heavy nuclei split into lighter elements, releasing binding energy used for power generation."
43,"Multi-stage purification removes physical, chemical, and biological contaminants from raw water sources."
44,"Precise DNA editing technology enabling targeted genetic modifications for therapeutic and research applications."
45,"Acoustic sonar, gyroscopic navigation, and electronic charts guide underwater vessel movement."
46,"Global circulation of carbon through Earth's atmosphere, hydrosphere, biosphere, and geosphere."
47,"Engineering at molecular scale creating materials with unique properties and applications."
48,"Magnetic resonance imaging provides detailed soft tissue visualization using magnetic fields and radio frequencies."
49,"Electrochemical energy storage devices converting chemical potential into electrical current on demand."
50,"Cosmological model describing universe expansion from initial singularity approximately 14 billion years ago."
51,"Telescopes use lenses or mirrors to collect and focus light, magnifying distant objects by increasing their apparent angular size for detailed observation."
52,"The immune system detects threats through pattern recognition, activates white blood cells, produces antibodies, and creates immunological memory for future protection."
53,"Volcanic eruptions occur when magma rises through Earth's crust due to pressure buildup, tectonic activity, or gas expansion, releasing molten rock and gases."
54,"Wireless charging uses electromagnetic induction to transfer energy between coils, creating magnetic fields that induce current in receiving devices without physical contact."
55,"Protein synthesis involves transcription of DNA to mRNA in the nucleus, followed by translation at ribosomes where tRNA delivers amino acids to build proteins."
56,"Quantum mechanics describes the probabilistic behavior of particles at atomic scales, including wave-particle duality, uncertainty principles, and quantum states."
57,"Satellites maintain orbit through gravitational balance, where their forward velocity creates centrifugal force that counteracts Earth's gravitational pull."
58,"Black holes are regions where gravity is so strong that nothing, including light, can escape once past the event horizon, formed from collapsed massive stars."
59,"Genetic engineering modifies organisms by inserting, deleting, or altering DNA sequences to introduce desired traits or eliminate unwanted characteristics."
60,"Radar detection works by emitting radio waves and analyzing reflected signals to determine distance, speed, and characteristics of objects."
61,"Rainbows form when sunlight refracts through water droplets, separating white light into its component colors and reflecting back to observers."
62,"Stem cell research studies undifferentiated cells that can develop into various cell types, offering potential treatments for degenerative diseases and injuries."
63,"Microprocessors execute instructions by fetching them from memory, decoding operations, performing calculations in arithmetic logic units, and storing results."
64,"Ozone layer depletion occurs when chlorofluorocarbons and other chemicals break down ozone molecules, reducing protection from harmful ultraviolet radiation."
65,"Bioinformatics combines biology and computer science to analyze biological data, including genome sequencing, protein structure prediction, and evolutionary studies."
66,"Laser technology produces coherent light through stimulated emission, where photons trigger identical photon emission from excited atoms in optical cavities."
67,"Viruses are infectious agents consisting of genetic material surrounded by protein coats, requiring host cells for replication and causing various diseases."
68,"Renewable energy storage systems capture excess energy during peak production and release it during high demand using batteries, pumped hydro, or compressed air."
69,"Holograms create 3D images by recording and reconstructing light wave interference patterns, preserving both amplitude and phase information of reflected light."
70,"Entropy measures disorder in systems, increasing over time according to the second law of thermodynamics, representing energy unavailable for useful work."
71,"Aurora borealis occurs when solar wind particles interact with Earth's magnetic field, exciting atmospheric gases that emit characteristic colored light."
72,"Voice recognition converts speech to text using acoustic models, language models, and machine learning algorithms to identify words and phrases."
73,"Fermentation is anaerobic metabolism where microorganisms convert sugars into acids, gases, or alcohol, used in food production and biotechnology."
74,"AI ethics addresses moral implications of artificial intelligence, including bias, privacy, accountability, transparency, and societal impact of automated decisions."
75,"Smartphones process data using integrated circuits, operating systems, and applications that manage input, computation, storage, and communication functions."
76,"Time dilation occurs when time passes differently for observers in different reference frames due to relative motion or gravitational fields, as predicted by relativity."
77,"Biomedical engineering applies engineering principles to healthcare, developing medical devices, prosthetics, imaging systems, and therapeutic technologies."
78,"Magnetic levitation uses magnetic fields to suspend objects without physical contact, overcoming gravity through electromagnetic repulsion or attraction."
79,"Ecosystems are interconnected networks of organisms and their environment, with energy flow and nutrient cycling maintaining ecological balance."
80,"Robotics automation combines mechanical engineering, electronics, and computer programming to create machines that perform tasks autonomously or with guidance."
81,"Neural prosthetics interface with the nervous system to restore lost functions, using brain signals to control artificial limbs or stimulate paralyzed muscles."
82,"Singularity refers to a hypothetical point where artificial intelligence surpasses human intelligence, potentially leading to unpredictable technological advancement."
83,"Synthetic biology engineers biological systems by designing and constructing new biological parts, devices, and systems for useful purposes."
84,"Quantum cryptography uses quantum mechanical properties to secure communications, detecting eavesdropping attempts through quantum state disturbance."
85,"Metamorphosis is the biological process where organisms undergo dramatic structural changes during development, transforming from juvenile to adult forms."
86,"Space exploration technology includes rockets, satellites, rovers, and life support systems designed to operate in the harsh environment of space."
87,"Self-driving cars navigate using sensors, cameras, radar, GPS, and AI algorithms to perceive surroundings, plan routes, and control vehicle movement."
88,"Consciousness is the subjective experience of awareness and perception, involving complex neural processes that remain not fully understood scientifically."
89,"Personalized medicine tailors medical treatment to individual characteristics, including genetic makeup, lifestyle, and environmental factors for optimal outcomes."
90,"Virtual reality creates immersive digital environments using headsets, motion tracking, and computer graphics to simulate realistic sensory experiences."
91,"Crystal formation occurs when atoms or molecules arrange in ordered, repeating patterns during solidification, creating geometric structures with specific properties."
92,"Computational biology uses mathematical models and computer simulations to study biological systems, from molecular interactions to ecosystem dynamics."
93,"Fuel cells generate electricity through electrochemical reactions between hydrogen and oxygen, producing water as the only byproduct."
94,"Parallel universes are theoretical concepts suggesting multiple realities existing simultaneously, arising from quantum mechanics and cosmological models."
95,"Precision agriculture uses technology like GPS, sensors, and data analytics to optimize crop production while minimizing resource use and environmental impact."
96,"Facial recognition identifies individuals by analyzing facial features using computer vision algorithms and comparing them to stored facial templates."
97,"Aging involves cellular damage accumulation, telomere shortening, protein dysfunction, and metabolic changes that gradually reduce biological function over time."
98,"Quantum computing applications include cryptography, drug discovery, financial modeling, optimization problems, and simulation of quantum systems."
99,"Brain-computer interfaces decode neural signals to control external devices, enabling direct communication between the brain and computers or prosthetics."
100,"Biotechnology's future includes gene therapy, synthetic biology, personalized medicine, bioengineering, and sustainable bio-based manufacturing processes."
101,"Machine translation converts text between languages using neural networks, statistical models, and linguistic rules to preserve meaning across language barriers."
102,"Enzymes are protein catalysts that accelerate metabolic reactions by lowering activation energy, enabling biochemical processes essential for life."
103,"Cellular respiration breaks down glucose using oxygen to produce ATP energy, involving glycolysis, citric acid cycle, and electron transport chain."
104,"Electric motors convert electrical energy to mechanical motion using magnetic fields and current-carrying conductors that create rotational force."
105,"Weather describes short-term atmospheric conditions, while climate represents long-term patterns of temperature, precipitation, and atmospheric behavior."
106,"Supply and demand determines market prices through the interaction of consumer desire for goods and producer willingness to provide them."
107,"The heart pumps blood through four chambers using coordinated contractions, with valves ensuring unidirectional flow through circulatory system."
108,"Artificial general intelligence would match human cognitive abilities across all domains, unlike current narrow AI systems specialized for specific tasks."
109,"Fossil fuels formed from ancient organic matter compressed under sedimentary layers over millions of years, creating coal, oil, and natural gas."
110,"Computer processors execute instructions through fetch-decode-execute cycles, using arithmetic logic units, control units, and registers for computation."
111,"Greenhouse gases in oceans increase acidity through carbonic acid formation, affecting marine ecosystems and coral reef health."
112,"Genetic drift causes random changes in allele frequencies in populations, particularly affecting small populations and reducing genetic diversity."
113,"Wireless internet transmits data using radio waves between devices and access points, following protocols like WiFi and cellular standards."
114,"Aerodynamics principles include lift generation through pressure differences, drag reduction, and airflow management around moving objects."
115,"The solar system consists of the sun, eight planets, moons, asteroids, and comets held together by gravitational forces."
116,"Catalysts accelerate chemical reactions by providing alternative reaction pathways with lower activation energy, remaining unchanged in the process."
117,"Mitochondria are cellular powerhouses that produce ATP through oxidative phosphorylation, containing their own DNA and reproducing independently."
118,"Machine consciousness would involve artificial systems developing subjective experiences, self-awareness, and phenomenal consciousness like humans."
119,"Geothermal energy harnesses Earth's internal heat through steam or hot water extraction to generate electricity or provide direct heating."
120,"Northern lights result from solar particles colliding with atmospheric gases in polar regions, creating colorful displays in the magnetosphere."
121,"Protein folding involves amino acid chains adopting specific three-dimensional structures determined by chemical interactions and environmental conditions."
122,"Search engines rank results using algorithms that analyze relevance, authority, content quality, user behavior, and link relationships."
123,"RNA is single-stranded and involved in protein synthesis, while DNA is double-stranded and stores genetic information in cells."
124,"Entropy in physics measures energy dispersal and system disorder, always increasing in isolated systems according to thermodynamic laws."
125,"Hybrid cars combine internal combustion engines with electric motors, using regenerative braking and battery storage for improved fuel efficiency."
126,"Neurotransmitters are chemical messengers that transmit signals between neurons across synapses, regulating brain function and behavior."
127,"Water purification removes contaminants through filtration, sedimentation, chemical treatment, and disinfection to produce safe drinking water."
128,"Facial recognition technology analyzes facial features using computer vision and machine learning to identify individuals from images or video."
129,"Spacetime curvature describes how mass and energy bend the fabric of space and time, creating gravitational effects as predicted by relativity."
130,"Natural selection favors organisms with advantageous traits for survival and reproduction, driving evolutionary change over generations."
131,"Lithium-ion batteries store energy through reversible chemical reactions between lithium compounds and electrode materials."
132,"The ozone layer absorbs harmful ultraviolet radiation, protecting life on Earth from DNA damage and skin cancer."
133,"The periodic table organizes elements by atomic number, revealing patterns in chemical properties and electron configurations."
134,"Voice synthesis converts text to speech using linguistic analysis, phonetic conversion, and audio generation algorithms."
135,"Quantum superposition allows particles to exist in multiple states simultaneously until measurement collapses them into definite states."
136,"Meiosis produces gametes through two cell divisions, reducing chromosome number by half and creating genetic diversity through recombination."
137,"Recommendation algorithms analyze user behavior, preferences, and item characteristics to suggest relevant content or products."
138,"Viruses are obligate intracellular parasites requiring host cells for replication, while bacteria are independent single-celled organisms."
139,"Mountain formation occurs through tectonic plate collisions, volcanic activity, and crustal deformation over geological time scales."
140,"Magnetic resonance uses strong magnetic fields and radio waves to manipulate atomic nuclei for imaging and spectroscopy applications."
141,"Insulin regulates blood glucose levels by promoting cellular glucose uptake and inhibiting glucose production in the liver."
142,"Artificial life creates computer simulations or robotic systems that exhibit characteristics of living organisms like reproduction and evolution."
143,"Tidal power generators harness ocean tidal movements using underwater turbines or tidal barrages to produce renewable electricity."
144,"Blood types result from different antigens on red blood cell surfaces, determining compatibility for transfusions and organ transplants."
145,"Photosynthesis involves light-dependent reactions producing ATP and NADPH, followed by carbon fixation in the Calvin cycle to synthesize glucose."
146,"Optical character recognition converts printed or handwritten text into digital format using image processing and pattern recognition algorithms."
147,"Dark energy is a mysterious force causing accelerated expansion of the universe, comprising approximately 68% of total cosmic energy."
148,"Mitosis produces two identical diploid cells through chromosome replication and division, essential for growth and tissue repair."
149,"Quantum sensors exploit quantum mechanical properties to achieve unprecedented precision in measuring physical quantities like magnetic fields."
150,"The lymphatic system maintains fluid balance, absorbs fats, and provides immune defense through lymph nodes and white blood cells."
1,"France's capital city Paris serves as the political, cultural, and economic center, located along the Seine River in north-central France."
2,"Quantum computing leverages quantum mechanical phenomena like superposition and entanglement to perform calculations impossible for classical computers."
3,"Spring morning dew, Awakening earth stretches wide, New life emerges."
4,"Chocolate chip cookie recipe: cream 1 cup butter with 3/4 cup brown sugar and 1/2 cup white sugar, add 2 eggs and vanilla, mix 2 1/4 cups flour with 1 tsp each baking soda and salt, fold in 2 cups chocolate chips, bake at 375°F for 9-11 minutes."
5,"Renewable energy provides environmental benefits through emission reduction, economic advantages via job creation, and energy security through domestic resource utilization."
6,"The hydrological cycle continuously moves water through evaporation, condensation, precipitation, and collection, driven by solar energy and gravity."
7,"Machine learning algorithms improve performance on specific tasks through experience with training data, without explicit programming for each scenario."
8,"Photosynthesis captures solar energy to convert carbon dioxide and water into glucose, releasing oxygen as a byproduct through chlorophyll-mediated reactions."
9,"Einstein's relativity theories describe spacetime as a unified fabric that curves around massive objects, with time dilation effects near strong gravitational fields."
10,"Anthropogenic climate change results from increased atmospheric greenhouse gas concentrations due to fossil fuel combustion, deforestation, and industrial activities."
11,"Vaccination stimulates adaptive immunity by exposing the immune system to antigens, creating memory cells that provide rapid response to future infections."
12,"Artificial Intelligence encompasses all machine intelligence capabilities, while Machine Learning specifically refers to algorithms that learn from data patterns."
13,"The digestive system mechanically and chemically breaks down food, absorbing nutrients in the small intestine and eliminating waste through the large intestine."
14,"Photovoltaic cells convert sunlight directly into electricity through the photoelectric effect, where photons excite electrons in semiconductor materials."
15,"Blockchain technology creates immutable distributed ledgers through cryptographic hashing and consensus mechanisms, ensuring transaction transparency and security."
16,"DNA stores genetic information in nucleotide sequences that code for proteins, with inheritance patterns following Mendelian genetics principles."
17,"Internet infrastructure routes data packets through interconnected networks using standardized protocols, enabling global digital communication."
18,"Lunar phases result from changing illumination angles as the moon orbits Earth, creating predictable cycles of visible lunar surface area."
19,"Internal combustion engines convert chemical energy in fuel to mechanical work through controlled explosions in cylinders, driving piston movement."
20,"Cryptocurrencies use cryptographic protocols and distributed networks to create secure digital currencies independent of central banking authorities."
21,"Avian flight combines lift generation through wing aerodynamics, thrust from wing beats, and weight reduction through hollow bone structures."
22,"The greenhouse effect maintains Earth's temperature through atmospheric gas absorption and re-emission of thermal radiation from the surface."
23,"Artificial neural networks process information through interconnected nodes that mimic biological neurons, learning through weighted connection adjustments."
24,"Global Positioning System determines location through trilateration using satellite signals, calculating distances based on signal travel times."
25,"Atomic structure consists of a dense nucleus containing protons and neutrons, surrounded by electrons occupying discrete energy orbitals."
26,"Seismic activity occurs when tectonic plates move along fault lines, releasing accumulated stress as earthquake waves through the Earth's crust."
27,"Antibiotics selectively target bacterial cellular processes like cell wall synthesis or protein production, killing pathogens while minimizing harm to host cells."
28,"Cloud computing provides on-demand access to computing resources over the internet, offering scalability and cost efficiency without local infrastructure investment."
29,"The nitrogen cycle converts atmospheric nitrogen into biologically available forms through bacterial fixation, nitrification, and denitrification processes."
30,"Additive manufacturing builds three-dimensional objects layer by layer from digital models, using various materials and deposition techniques."
31,"Earth's atmosphere consists of five distinct layers with varying temperature, pressure, and composition characteristics affecting weather and climate."
32,"Gene therapy introduces functional genetic material into patient cells to treat inherited disorders or acquired diseases at the molecular level."
33,"Electric vehicles use battery-powered motors for propulsion, offering higher energy efficiency and zero direct emissions compared to combustion engines."
34,"Mathematical infinity represents unbounded quantities or endless processes, essential for calculus, set theory, and advanced mathematical concepts."
35,"Ocean tides result from gravitational interactions between Earth, moon, and sun, creating predictable patterns of sea level rise and fall."
36,"Fiber optic communication transmits information as modulated light pulses through glass fibers, enabling high-bandwidth long-distance data transfer."
37,"Evolutionary processes drive species change through genetic variation, natural selection, and environmental adaptation over multiple generations."
38,"Quantum entanglement creates correlated particle pairs where measuring one instantly affects the other, regardless of spatial separation distance."
39,"Wind energy conversion systems capture kinetic energy from moving air masses using aerodynamic turbine blades to generate electrical power."
40,"The human brain contains billions of interconnected neurons organized into specialized regions controlling cognition, movement, and sensory processing."
41,"Dark matter comprises invisible mass that influences galactic structure through gravitational effects, representing the majority of universal matter."
42,"Nuclear fission releases binding energy by splitting heavy atomic nuclei into lighter fragments, used for power generation and weapons."
43,"Water treatment facilities remove physical, chemical, and biological contaminants through multiple purification stages to ensure safe drinking water."
44,"CRISPR gene editing technology enables precise DNA modifications using programmable nucleases, revolutionizing genetic research and therapeutic applications."
45,"Submarine navigation combines sonar ranging, inertial guidance systems, and GPS positioning when surfaced for accurate underwater movement."
46,"The carbon cycle circulates carbon through Earth's systems via photosynthesis, respiration, decomposition, and geological processes."
47,"Nanotechnology manipulates matter at atomic and molecular scales to create materials with novel properties and applications."
48,"Magnetic Resonance Imaging uses powerful magnetic fields and radiofrequency pulses to generate detailed images of internal body structures."
49,"Battery technology stores electrical energy through reversible electrochemical reactions between electrode materials and electrolytes."
50,"Big Bang cosmology describes universe evolution from an initial singularity through expansion, cooling, and structure formation over 13.8 billion years."
51,"Optical telescopes collect and focus electromagnetic radiation using mirrors or lenses, magnifying distant celestial objects for astronomical observation."
52,"Immune system responses involve pathogen recognition, cellular activation, antibody production, and immunological memory formation for future protection."
53,"Volcanic eruptions occur when molten rock, gases, and debris are expelled from Earth's interior through crustal openings due to pressure buildup."
54,"Inductive charging transfers electrical energy wirelessly through electromagnetic fields between transmitting and receiving coils without physical connections."
55,"Protein biosynthesis involves DNA transcription to messenger RNA, followed by ribosomal translation using transfer RNA to assemble amino acid sequences."
56,"Quantum mechanics governs atomic and subatomic particle behavior through probabilistic wave functions, uncertainty principles, and quantum state superposition."
57,"Satellite orbital mechanics balance gravitational attraction with centrifugal force from orbital velocity, maintaining stable paths around celestial bodies."
58,"Black holes form when massive stars collapse, creating regions where gravitational fields are so strong that nothing can escape beyond the event horizon."
59,"Genetic engineering techniques modify organism DNA through insertion, deletion, or alteration of genetic sequences to introduce desired characteristics."
60,"Radar systems emit radio frequency pulses and analyze reflected signals to determine target distance, velocity, and physical characteristics."
61,"Rainbow formation occurs when sunlight undergoes refraction and reflection in water droplets, separating white light into its component spectral colors."
62,"Stem cell research investigates pluripotent cells capable of differentiating into various cell types, offering therapeutic potential for regenerative medicine."
63,"Microprocessor operation involves instruction fetching, decoding, execution, and result storage through coordinated activities of arithmetic logic units and control circuits."
64,"Stratospheric ozone depletion results from chemical reactions with chlorofluorocarbons and other compounds, reducing ultraviolet radiation protection."
65,"Bioinformatics applies computational methods to biological data analysis, including genome sequencing, protein structure prediction, and evolutionary studies."
66,"Laser operation produces coherent light through stimulated emission in optical cavities, where excited atoms release identical photons."
67,"Viral structure consists of genetic material enclosed in protein capsids, requiring host cellular machinery for replication and propagation."
68,"Energy storage systems capture excess renewable energy during peak production periods and release it during high demand using various technologies."
69,"Holographic imaging records and reconstructs three-dimensional light wave patterns, preserving both amplitude and phase information for realistic visualization."
70,"Thermodynamic entropy quantifies energy dispersal and system disorder, increasing irreversibly in isolated systems according to physical laws."
71,"Auroral displays result from solar wind particle interactions with Earth's magnetosphere, exciting atmospheric gases that emit characteristic colored light."
72,"Speech recognition technology converts acoustic signals to text using pattern matching, statistical models, and machine learning algorithms."
73,"Fermentation processes involve anaerobic microbial metabolism converting organic compounds into acids, alcohols, or gases for various applications."
74,"Artificial intelligence ethics examines moral implications of automated decision-making, including fairness, accountability, transparency, and societal impact."
75,"Smartphone functionality integrates multiple technologies including processors, memory, sensors, communication modules, and software applications."
76,"Relativistic time dilation occurs when time passes at different rates for observers in different reference frames due to motion or gravitational effects."
77,"Biomedical engineering combines engineering principles with biological sciences to develop medical devices, diagnostic tools, and therapeutic technologies."
78,"Magnetic levitation systems use electromagnetic forces to suspend objects without physical contact, overcoming gravitational attraction."
79,"Ecological systems consist of interconnected organisms and their physical environment, with energy flow and nutrient cycling maintaining ecosystem stability."
80,"Robotic automation integrates mechanical systems, sensors, and computer control to perform tasks with minimal human intervention."
81,"Neural prosthetic devices interface with nervous system signals to restore lost motor or sensory functions through artificial limbs or stimulation."
82,"Technological singularity hypothesizes a point where artificial intelligence exceeds human intelligence, potentially leading to unpredictable advancement."
83,"Synthetic biology engineers biological systems by designing and constructing new biological components, devices, and systems."
84,"Quantum cryptography exploits quantum mechanical properties to create theoretically unbreakable communication security through quantum key distribution."
85,"Metamorphic development involves dramatic structural and physiological changes as organisms transition from juvenile to adult forms."
86,"Space technology encompasses propulsion systems, life support, navigation, and scientific instruments designed for extraterrestrial environments."
87,"Autonomous vehicle navigation combines sensor fusion, computer vision, machine learning, and control systems for safe self-driving operation."
88,"Consciousness involves subjective awareness, perception, and experience arising from complex neural processes that remain scientifically mysterious."
89,"Personalized medicine tailors treatment approaches to individual genetic profiles, lifestyle factors, and environmental influences for optimal therapeutic outcomes."
90,"Virtual reality technology creates immersive digital experiences through head-mounted displays, motion tracking, and realistic sensory simulation."
91,"Crystal growth occurs when atoms or molecules arrange in ordered lattice structures during phase transitions, forming geometric patterns."
92,"Computational biology uses mathematical modeling and computer simulation to understand biological processes from molecular to ecosystem levels."
93,"Fuel cell technology generates electricity through electrochemical reactions between hydrogen and oxygen, producing only water as a byproduct."
94,"Multiverse theories propose the existence of multiple parallel universes with different physical laws and initial conditions."
95,"Precision agriculture optimizes crop production through GPS guidance, sensor monitoring, and data-driven decision making for sustainable farming."
96,"Facial recognition systems identify individuals by analyzing facial geometry and features using computer vision and pattern matching algorithms."
97,"Biological aging involves cellular damage accumulation, genetic changes, and metabolic decline that gradually reduce physiological function."
98,"Quantum computing applications span cryptography, optimization, simulation, and machine learning problems that exceed classical computational capabilities."
99,"Brain-computer interfaces decode neural activity patterns to control external devices, enabling direct mental control of computers and prosthetics."
100,"Future biotechnology developments include advanced gene therapies, synthetic biology applications, and personalized medicine based on individual genetic profiles."
151,"Advanced telescopes combine multiple mirrors or lenses with adaptive optics to correct atmospheric distortion, enabling detailed observation of distant celestial objects."
152,"Adaptive immune responses involve T-cell and B-cell activation, clonal expansion, and memory formation to provide long-lasting protection against specific pathogens."
153,"Magma chambers beneath Earth's surface build pressure until explosive release through volcanic vents, ejecting lava, ash, and gases into the atmosphere."
154,"Resonant inductive coupling enables wireless power transfer through alternating magnetic fields between transmitter and receiver coils at specific frequencies."
155,"Gene expression regulation controls protein production through transcriptional and post-transcriptional mechanisms, determining cellular function and development."
156,"Wave-particle duality demonstrates that quantum objects exhibit both wave and particle characteristics depending on experimental observation methods."
157,"Orbital mechanics govern satellite motion through gravitational forces, with velocity and altitude determining stable orbital trajectories around planets."
158,"Gravitational collapse of massive stars creates singularities where spacetime curvature becomes infinite, forming black holes with event horizons."
159,"Recombinant DNA technology combines genetic material from different sources to create modified organisms with desired traits for research or applications."
160,"Electromagnetic pulse reflection and Doppler shift analysis enable radar systems to detect, track, and characterize moving objects at various distances."
161,"Atmospheric water droplets act as prisms, refracting and reflecting sunlight to create rainbow spectra visible at specific angles from observers."
162,"Pluripotent stem cells retain the ability to differentiate into any cell type, offering therapeutic potential for tissue regeneration and disease treatment."
163,"Central processing units execute machine code instructions through arithmetic logic operations, memory access, and control flow management."
164,"Chlorofluorocarbon molecules catalytically destroy stratospheric ozone through chemical reactions, creating seasonal ozone holes over polar regions."
165,"Computational genomics analyzes DNA sequences, protein structures, and evolutionary relationships using algorithms and statistical methods."
166,"Stimulated emission amplification produces coherent laser light through population inversion in gain media within optical resonator cavities."
167,"Viral capsids protect genetic material and facilitate host cell entry, with replication cycles varying between DNA and RNA virus types."
168,"Grid-scale energy storage balances renewable energy supply and demand using technologies like pumped hydro, compressed air, and battery systems."
169,"Interference patterns in holographic recording capture three-dimensional spatial information, enabling realistic image reconstruction through coherent light illumination."
170,"Statistical mechanics relates microscopic particle behavior to macroscopic thermodynamic properties, with entropy measuring system energy distribution."
171,"Magnetospheric interactions with solar wind create auroral displays when charged particles excite atmospheric gases at high latitudes."
172,"Automatic speech recognition systems use hidden Markov models and neural networks to convert acoustic signals into text transcriptions."
173,"Microbial fermentation pathways produce various metabolic products including ethanol, lactic acid, and acetone through anaerobic glucose metabolism."
174,"Machine learning bias, algorithmic transparency, and automated decision accountability represent key challenges in artificial intelligence ethics."
175,"Mobile computing platforms integrate processors, memory, sensors, and wireless communication modules to enable portable digital applications."
176,"Special and general relativity predict time dilation effects for observers in accelerated reference frames or strong gravitational fields."
177,"Medical device development combines engineering design principles with biological understanding to create diagnostic and therapeutic technologies."
178,"Electromagnetic suspension systems use controlled magnetic fields to levitate objects, eliminating friction for high-speed transportation applications."
179,"Food webs and energy pyramids illustrate trophic relationships and energy transfer efficiency within ecological communities."
180,"Industrial automation systems integrate sensors, actuators, and computer control to optimize manufacturing processes and reduce human intervention."
181,"Neuroprosthetic devices decode motor cortex signals to control robotic limbs, restoring mobility for individuals with spinal cord injuries."
182,"Exponential technological growth may lead to artificial superintelligence that exceeds human cognitive capabilities across all domains."
183,"Bioengineering approaches design biological circuits and pathways to create organisms with novel functions for industrial and medical applications."
184,"Quantum key distribution protocols use entangled photon pairs to detect eavesdropping attempts, ensuring theoretically secure communication channels."
185,"Complete metamorphosis involves larval, pupal, and adult stages with distinct morphologies and ecological roles during insect development."
186,"Spacecraft propulsion systems, life support technologies, and radiation shielding enable human exploration of extraterrestrial environments."
187,"Autonomous navigation systems combine sensor fusion, path planning, and obstacle avoidance algorithms for safe self-driving vehicle operation."
188,"Neural correlates of consciousness involve complex brain network interactions that generate subjective awareness and phenomenal experience."
189,"Pharmacogenomics tailors drug selection and dosing based on individual genetic variations affecting medication metabolism and response."
190,"Head-mounted displays create immersive virtual environments through stereoscopic vision, spatial audio, and motion tracking technologies."
191,"Nucleation and crystal growth processes determine final crystal structure, size, and properties in both natural and synthetic materials."
192,"Systems biology integrates experimental data with mathematical models to understand complex biological networks and emergent properties."
193,"Proton exchange membrane fuel cells convert hydrogen and oxygen into electricity with high efficiency and minimal environmental impact."
194,"Many-worlds interpretation suggests quantum measurements create parallel universes containing all possible measurement outcomes."
195,"Variable rate technology applies fertilizers and pesticides based on real-time soil and crop monitoring for optimized agricultural productivity."
196,"Biometric authentication systems analyze unique physiological characteristics like facial geometry, fingerprints, or iris patterns for identity verification."
197,"Cellular senescence, oxidative damage, and telomere shortening contribute to age-related decline in tissue function and organism vitality."
198,"Quantum algorithms like Shor's factoring and Grover's search provide exponential speedups for specific computational problems."
199,"Invasive brain-computer interfaces record neural activity directly from cortical tissue to control external devices with high precision."
200,"Emerging biotechnologies including CRISPR gene editing, synthetic biology, and regenerative medicine promise revolutionary healthcare advances."
201,"Neural machine translation models learn language representations to produce fluent translations while preserving semantic meaning across languages."
202,"Allosteric regulation allows enzymes to change activity based on binding of regulatory molecules at sites distinct from the active site."
203,"Mitochondrial electron transport chains couple glucose oxidation to ATP synthesis through chemiosmotic proton gradients."
204,"Electromagnetic induction in rotating coils within magnetic fields generates alternating current for electrical power generation."
205,"Meteorological patterns result from solar heating, atmospheric circulation, and geographic features creating regional climate variations."
206,"Market equilibrium occurs when supply and demand curves intersect, determining optimal price and quantity for economic transactions."
207,"Cardiac muscle contractions create pressure gradients that drive blood circulation through systemic and pulmonary circulation pathways."
208,"Artificial general intelligence would demonstrate flexible reasoning, learning, and problem-solving capabilities comparable to human intelligence."
209,"Sedimentary rock formation preserves organic matter under anaerobic conditions, creating hydrocarbon deposits over geological timescales."
210,"Instruction pipelining and parallel processing architectures enable modern processors to execute multiple operations simultaneously."
211,"Ocean acidification from dissolved carbon dioxide affects marine organism calcification and disrupts oceanic food chain dynamics."
212,"Population genetics models describe how random genetic drift reduces allelic diversity, particularly in small isolated populations."
213,"Radio frequency communication protocols enable wireless data transmission between devices using electromagnetic spectrum allocation."
214,"Bernoulli's principle and Newton's laws explain lift generation, drag forces, and flight stability in aerodynamic systems."
215,"Planetary formation involves gravitational accretion of dust and gas within protoplanetary disks around young stars."
216,"Enzyme kinetics describe how catalysts lower activation energy barriers, increasing reaction rates without being consumed."
217,"Cellular respiration in mitochondria produces ATP through substrate-level phosphorylation and oxidative phosphorylation processes."
218,"Artificial consciousness research investigates whether machines can develop subjective experiences and self-awareness."
219,"Hydrothermal and dry steam geothermal systems extract Earth's internal heat for electricity generation and direct heating applications."
220,"Solar wind interactions with Earth's magnetic field create particle precipitation and auroral emissions in polar regions."
221,"Molecular chaperones assist protein folding by preventing misfolding and aggregation during translation and cellular stress."
222,"PageRank algorithms analyze link structures and content relevance to rank web pages in search engine results."
223,"Ribonucleic acid serves as messenger, transfer, and ribosomal RNA in protein synthesis, while DNA stores hereditary information."
224,"Thermodynamic entropy increases in isolated systems, representing the universal tendency toward energy dispersal and equilibrium."
225,"Regenerative braking systems in hybrid vehicles capture kinetic energy during deceleration, storing it in batteries for later use."
226,"Synaptic transmission involves neurotransmitter release, receptor binding, and signal propagation across neural networks."
227,"Multi-stage water treatment processes remove suspended solids, dissolved contaminants, and pathogenic microorganisms."
228,"Deep learning algorithms analyze facial features and geometric relationships to identify individuals in images and video streams."
229,"Einstein's field equations describe how mass-energy curves spacetime, creating gravitational effects and geodesic motion."
230,"Differential reproduction of organisms with favorable traits drives evolutionary adaptation to environmental pressures over time."
231,"Lithium intercalation and deintercalation in electrode materials enable reversible energy storage in rechargeable battery systems."
232,"Stratospheric ozone absorption of ultraviolet radiation protects Earth's surface from harmful DNA-damaging wavelengths."
233,"Electron configuration patterns in the periodic table predict chemical bonding behavior and elemental properties."
234,"Text-to-speech synthesis combines linguistic analysis, phonetic transcription, and audio signal generation."
235,"Quantum coherence allows particles to exist in superposition states until decoherence collapses them into definite measurements."
236,"Crossing over during meiotic prophase creates genetic recombination, increasing offspring diversity and evolutionary potential."
237,"Collaborative filtering and content-based algorithms analyze user preferences to generate personalized recommendations."
238,"Viral obligate parasitism requires host cellular machinery for replication, while bacterial independence enables autonomous growth."
239,"Tectonic processes including subduction, collision, and rifting create mountain ranges through crustal deformation."
240,"Nuclear magnetic resonance exploits spin properties of atomic nuclei in magnetic fields for medical imaging and chemical analysis."
241,"Pancreatic insulin secretion regulates glucose homeostasis by promoting cellular uptake and inhibiting hepatic glucose production."
242,"Evolutionary algorithms and cellular automata demonstrate emergent behaviors in artificial life simulations."
243,"Tidal energy extraction uses underwater turbines or tidal barrages to harness predictable ocean energy flows."
244,"ABO blood group antigens determine transfusion compatibility and influence organ transplant success rates."
245,"Chlorophyll absorption spectra and electron transport chains drive photosynthetic carbon fixation in plant chloroplasts."
246,"Machine learning algorithms recognize printed and handwritten characters through feature extraction and pattern classification."
247,"Dark energy's negative pressure drives accelerated cosmic expansion, comprising the majority of universal energy density."
248,"Spindle fiber formation and chromosome segregation ensure accurate genetic material distribution during cell division."
249,"Quantum sensing applications exploit entanglement and superposition for ultra-precise measurements of physical quantities."
250,"Lymphoid organs and immune cell circulation provide systemic pathogen surveillance and adaptive immune responses."
251,"Refracting and reflecting telescope designs collect electromagnetic radiation to magnify and analyze distant astronomical objects."
252,"Innate and adaptive immunity coordinate pathogen recognition, cellular activation, and immunological memory formation."
253,"Volcanic activity results from magma chamber pressure, tectonic stress, and gas expansion creating explosive eruptions."
254,"Electromagnetic induction enables wireless energy transfer through resonant coupling between transmitter and receiver coils."
255,"Transcriptional regulation controls gene expression through promoter sequences, transcription factors, and epigenetic modifications."
256,"Quantum field theory describes particle interactions and wave-particle duality at fundamental physical scales."
257,"Kepler's laws govern orbital mechanics, with gravitational forces determining satellite trajectories and stability."
258,"Event horizons mark the boundary where gravitational escape velocity exceeds light speed in black hole spacetime."
259,"Genetic modification techniques insert foreign DNA sequences to confer desired traits in target organisms."
260,"Pulse-Doppler radar systems measure target velocity and distance through electromagnetic wave reflection analysis."
261,"Optical dispersion in water droplets separates white light into spectral components, creating rainbow phenomena."
262,"Embryonic and induced pluripotent stem cells offer therapeutic potential for regenerative medicine applications."
263,"Microprocessor architectures integrate arithmetic logic units, control units, and memory interfaces for computational tasks."
264,"Ozone-depleting substances catalyze stratospheric ozone destruction, reducing ultraviolet radiation protection."
265,"Sequence alignment algorithms compare genetic and protein sequences to identify evolutionary relationships and functional domains."
266,"Laser cavity design and gain media selection determine coherent light output characteristics and applications."
267,"Viral replication strategies vary between DNA and RNA viruses, affecting host cell interactions and pathogenesis."
268,"Battery storage systems provide grid stabilization and renewable energy integration for electrical power networks."
269,"Holographic interferometry records three-dimensional wave patterns for realistic image reconstruction and display."
270,"Maxwell-Boltzmann distribution describes particle energy states and relates microscopic motion to macroscopic temperature."
271,"Auroral particle precipitation creates ionospheric disturbances and spectacular light displays at high latitudes."
272,"Hidden Markov models and deep neural networks enable accurate speech-to-text conversion systems."
273,"Metabolic pathway regulation controls fermentation products through enzyme activity and environmental conditions."
274,"Algorithmic bias detection and mitigation strategies address fairness concerns in automated decision-making systems."
275,"System-on-chip integration combines processors, memory, and peripherals for compact mobile computing platforms."
276,"Lorentz transformations describe time dilation and length contraction effects in special relativistic reference frames."
277,"Biocompatible materials and device miniaturization enable implantable medical technologies for diagnosis and treatment."
278,"Superconducting magnetic levitation eliminates friction for high-speed transportation and precision positioning applications."
279,"Trophic cascades and keystone species interactions regulate ecosystem structure and biodiversity patterns."
280,"Programmable logic controllers and industrial robots automate manufacturing processes with precision and efficiency."
281,"Motor cortex decoding algorithms translate neural signals into control commands for prosthetic limb movement."
282,"Recursive self-improvement in artificial intelligence could lead to rapid capability enhancement beyond human control."
283,"Metabolic engineering designs synthetic biological pathways for production of pharmaceuticals, fuels, and chemicals."
284,"Quantum entanglement distribution enables secure communication through detection of eavesdropping attempts."
285,"Holometabolous development involves complete transformation between larval and adult forms with distinct ecological roles."
286,"Rocket propulsion, orbital mechanics, and life support systems enable human space exploration missions."
287,"Sensor fusion algorithms integrate multiple data sources for robust autonomous vehicle navigation and safety."
288,"Integrated information theory attempts to quantify consciousness through neural network connectivity and information processing."
289,"Precision medicine approaches tailor therapeutic interventions based on individual genetic, environmental, and lifestyle factors."
290,"Stereoscopic displays and haptic feedback create immersive virtual reality experiences for entertainment and training."
291,"Crystal lattice defects and impurities influence material properties including electrical conductivity and mechanical strength."
292,"Network biology approaches model complex biological systems as interconnected graphs of molecular interactions."
293,"Electrochemical reactions in fuel cells convert chemical energy directly to electrical energy with high efficiency."
294,"Quantum many-worlds interpretation suggests measurement creates branching parallel universes containing all possible outcomes."
295,"Precision agriculture technologies optimize resource application through real-time monitoring and variable rate control systems."
296,"Convolutional neural networks analyze facial features and geometric patterns for biometric identification systems."
297,"DNA damage accumulation, cellular senescence, and stem cell exhaustion contribute to organismal aging processes."
298,"Quantum supremacy demonstrations show computational advantages for specific problems using quantum algorithms."
299,"Bidirectional brain-computer interfaces enable both neural signal recording and electrical stimulation for therapeutic applications."
300,"Synthetic biology, gene therapy, and personalized medicine represent transformative biotechnology applications for human health."
1,"Paris serves as France's capital and largest city, hosting government institutions, cultural landmarks, and serving as a major European economic center."
5,"Renewable energy technologies reduce carbon emissions, enhance energy security, create economic opportunities, and provide sustainable alternatives to fossil fuels."
10,"Human activities including fossil fuel combustion, deforestation, and industrial processes increase atmospheric greenhouse gas concentrations, driving global climate change."
15,"Distributed ledger technology creates tamper-resistant transaction records through cryptographic hashing and decentralized consensus mechanisms."
20,"Digital currencies operate on blockchain networks using cryptographic security, enabling peer-to-peer transactions without traditional financial intermediaries."
25,"Atomic structure features a dense central nucleus containing protons and neutrons, surrounded by electrons occupying probabilistic orbital regions."
30,"Three-dimensional printing constructs objects through layer-by-layer material deposition, enabling rapid prototyping and customized manufacturing."
35,"Tidal forces result from differential gravitational attraction between celestial bodies, creating predictable ocean level variations."
40,"Neural networks in the brain process information through synaptic connections, supporting cognition, memory, and behavioral control."
45,"Underwater navigation systems combine acoustic sonar, inertial guidance, and satellite positioning for precise submarine movement."
50,"Cosmological models describe universe evolution from initial conditions through expansion, cooling, and large-scale structure formation."
55,"Ribosomal protein synthesis translates messenger RNA sequences into polypeptide chains using transfer RNA and amino acid substrates."
60,"Radio detection and ranging systems emit electromagnetic pulses and analyze reflected signals to determine object characteristics."
65,"Computational biology applies mathematical and statistical methods to analyze biological data and model complex living systems."
70,"Thermodynamic entropy quantifies energy dispersal and system randomness, increasing irreversibly in isolated physical systems."
75,"Mobile devices integrate computational, communication, and sensor technologies to enable portable digital applications and services."
80,"Automated systems combine mechanical components, sensors, and computer control to perform tasks with minimal human supervision."
85,"Insect metamorphosis involves complete structural transformation between larval and adult stages with distinct ecological functions."
90,"Immersive virtual environments use head-mounted displays, motion tracking, and haptic feedback to simulate realistic experiences."
95,"Smart farming technologies optimize agricultural productivity through precision application of resources based on real-time monitoring."
100,"Biotechnology advances including genetic engineering, synthetic biology, and regenerative medicine offer transformative healthcare solutions."
101,"Statistical machine translation and neural language models enable automated conversion between different human languages."
102,"Protein catalysts accelerate biochemical reactions by reducing activation energy barriers, facilitating essential metabolic processes."
103,"Aerobic cellular respiration extracts energy from glucose through glycolysis, citric acid cycle, and electron transport phosphorylation."
104,"Electromagnetic motors convert electrical energy into mechanical rotation through interactions between current-carrying conductors and magnetic fields."
105,"Climate represents long-term atmospheric patterns, while weather describes short-term local atmospheric conditions."
106,"Economic principles of supply and demand determine market prices through interactions between consumer preferences and producer capabilities."
107,"Cardiac pumping action circulates blood through systemic and pulmonary circuits using coordinated chamber contractions."
108,"General artificial intelligence would demonstrate human-level cognitive flexibility across diverse domains and problem-solving contexts."
109,"Geological processes transform organic matter into fossil fuel deposits through heat, pressure, and time over millions of years."
110,"Microprocessor instruction execution involves fetching, decoding, and performing operations using arithmetic logic units and control circuits."
111,"Oceanic carbon dioxide absorption creates carbonic acid, lowering pH and affecting marine ecosystem calcification processes."
112,"Random genetic drift causes allele frequency changes in populations, with stronger effects in smaller population sizes."
113,"Wireless communication protocols transmit data using radio frequencies between devices and network access points."
114,"Fluid dynamics principles govern lift generation, drag reduction, and stability in aeronautical and automotive applications."
115,"Solar system formation involved gravitational collapse of nebular material, creating the sun, planets, and smaller bodies."
116,"Chemical catalysts provide alternative reaction pathways with lower energy requirements, accelerating reaction rates."
117,"Mitochondrial organelles generate cellular energy through oxidative metabolism, containing independent genetic material."
118,"Machine consciousness research explores whether artificial systems can develop subjective awareness and phenomenal experience."
119,"Geothermal power systems harness Earth's internal thermal energy for electricity generation and heating applications."
120,"Auroral phenomena result from solar particle interactions with Earth's magnetosphere, creating colorful polar light displays."
121,"Protein structure formation involves amino acid sequence folding into functional three-dimensional conformations."
122,"Web search algorithms rank content based on relevance, authority, and user behavior patterns."
123,"RNA molecules participate in protein synthesis and gene regulation, while DNA stores hereditary genetic information."
124,"Physical entropy measures energy distribution and system disorder, always increasing in thermodynamically isolated systems."
125,"Hybrid propulsion systems combine electric motors with internal combustion engines for improved fuel efficiency."
126,"Chemical neurotransmitters enable signal transmission between neurons, regulating brain function and behavior."
127,"Water treatment facilities remove contaminants through physical, chemical, and biological purification processes."
128,"Computer vision systems analyze facial features and patterns to identify individuals in digital images."
129,"General relativity describes spacetime curvature caused by mass-energy, explaining gravitational phenomena."
130,"Evolutionary selection pressures favor organisms with advantageous traits, driving species adaptation over time."
131,"Rechargeable battery systems store electrical energy through reversible electrochemical reactions in electrode materials."
132,"Stratospheric ozone molecules absorb harmful ultraviolet radiation, protecting Earth's surface from DNA damage."
133,"Periodic element organization reveals patterns in atomic structure and chemical properties."
134,"Speech synthesis technology converts written text into spoken audio using linguistic and acoustic processing."
135,"Quantum superposition enables particles to exist in multiple states until measurement causes wavefunction collapse."
136,"Sexual reproduction through meiosis creates genetic diversity by combining parental chromosomes in offspring."
137,"Machine learning algorithms analyze user data to generate personalized content and product recommendations."
138,"Viruses require host cells for replication, while bacteria can reproduce independently as single-celled organisms."
139,"Mountain building occurs through tectonic plate interactions, volcanic activity, and crustal deformation processes."
140,"Nuclear magnetic resonance uses atomic spin properties in magnetic fields for medical imaging and chemical analysis."
141,"Hormonal insulin regulation maintains blood glucose homeostasis by controlling cellular uptake and hepatic production."
142,"Artificial life simulations model evolutionary processes and emergent behaviors in computational environments."
143,"Ocean tidal energy systems harness predictable water movements for renewable electricity generation."
144,"Blood group compatibility depends on red blood cell surface antigens, affecting transfusion and transplant success."
145,"Photosynthetic light reactions generate ATP and NADPH, which drive carbon dioxide fixation in the Calvin cycle."
146,"Pattern recognition algorithms convert printed and handwritten text into digital format through image analysis."
147,"Dark energy drives accelerated cosmic expansion, representing the dominant component of universal energy density."
148,"Cell division through mitosis produces genetically identical diploid cells for growth and tissue maintenance."
149,"Quantum sensors exploit quantum mechanical properties for ultra-sensitive measurements of physical parameters."
150,"Lymphatic circulation maintains fluid balance and provides immune surveillance through specialized vessels and organs."
151,"Astronomical telescopes collect and focus light using mirrors or lenses to observe distant celestial objects."
152,"Immune system activation involves pathogen recognition, cellular responses, and memory formation for future protection."
153,"Volcanic eruptions release magma, gases, and debris from Earth's interior through surface vents and fissures."
154,"Wireless power transmission uses electromagnetic induction to transfer energy between coils without physical connections."
155,"Gene regulation controls protein expression through transcriptional and post-transcriptional mechanisms."
156,"Quantum mechanics describes wave-particle duality and probabilistic behavior at atomic and subatomic scales."
157,"Orbital dynamics govern satellite motion through gravitational forces and velocity relationships."
158,"Black hole formation occurs when massive stellar collapse creates regions of infinite spacetime curvature."
159,"Genetic engineering modifies organism DNA to introduce desired traits or eliminate unwanted characteristics."
160,"Radar technology uses electromagnetic wave reflection to detect, track, and characterize distant objects."
161,"Rainbow formation involves light refraction and reflection in atmospheric water droplets, creating spectral displays."
162,"Stem cell research studies undifferentiated cells with potential to develop into various specialized cell types."
163,"Computer processors execute instructions through coordinated operations of arithmetic logic units and control systems."
164,"Ozone depletion results from chemical reactions with industrial compounds, reducing ultraviolet radiation protection."
165,"Bioinformatics combines computational methods with biological data analysis for genomics and proteomics research."
166,"Laser technology produces coherent light through stimulated emission in optical amplification systems."
167,"Viral replication depends on host cellular machinery, with different strategies for DNA and RNA viruses."
168,"Energy storage systems balance renewable power generation with electrical grid demand using various technologies."
169,"Holographic recording captures three-dimensional light patterns for realistic image reconstruction and display."
170,"Statistical thermodynamics relates microscopic particle motion to macroscopic system properties like temperature."
171,"Auroral displays occur when solar wind particles interact with Earth's magnetic field at polar latitudes."
172,"Speech recognition converts acoustic signals to text using pattern matching and machine learning algorithms."
173,"Fermentation processes involve anaerobic microbial metabolism producing various organic compounds."
174,"AI ethics addresses algorithmic bias, privacy concerns, and accountability in automated decision systems."
175,"Smartphone integration combines processing, communication, and sensor capabilities in portable computing devices."
176,"Relativistic effects include time dilation and length contraction for observers in different reference frames."
177,"Biomedical engineering applies engineering principles to develop medical devices and therapeutic technologies."
178,"Magnetic levitation uses electromagnetic forces to suspend objects without physical contact or friction."
179,"Ecosystem dynamics involve energy flow and nutrient cycling among interconnected organisms and environments."
180,"Industrial automation integrates sensors, actuators, and computer control for efficient manufacturing processes."
181,"Neural prosthetics decode brain signals to control artificial limbs and restore motor function."
182,"Technological singularity hypothesizes rapid AI advancement potentially exceeding human cognitive capabilities."
183,"Synthetic biology designs and constructs new biological systems for industrial and medical applications."
184,"Quantum cryptography uses quantum mechanical properties to create theoretically secure communication channels."
185,"Complete metamorphosis involves distinct developmental stages with different morphologies and ecological roles."
186,"Space exploration requires propulsion systems, life support, and radiation protection for human missions."
187,"Autonomous vehicles combine sensor fusion, path planning, and control algorithms for safe navigation."
188,"Consciousness research investigates neural mechanisms underlying subjective awareness and phenomenal experience."
189,"Personalized medicine tailors treatments based on individual genetic, environmental, and lifestyle factors."
190,"Virtual reality creates immersive experiences through visual, auditory, and haptic sensory simulation."
191,"Crystal formation involves atomic or molecular arrangement in ordered lattice structures with specific properties."
192,"Systems biology integrates experimental data with mathematical models to understand complex biological networks."
193,"Fuel cells convert chemical energy directly to electricity through electrochemical reactions with minimal emissions."
194,"Parallel universe theories suggest multiple realities existing simultaneously with different physical laws."
195,"Precision agriculture uses technology to optimize crop production while minimizing environmental impact."
196,"Biometric systems identify individuals through unique physiological characteristics like fingerprints or facial features."
197,"Aging processes involve cellular damage, genetic changes, and metabolic decline affecting organism function."
198,"Quantum algorithms provide computational advantages for specific problems like factoring and database search."
199,"Brain-computer interfaces enable direct neural control of external devices for medical and research applications."
200,"Biotechnology futures include gene editing, synthetic biology, and regenerative medicine for healthcare advancement."
201,"Cross-lingual neural networks learn semantic representations that transcend language boundaries, enabling accurate translation while preserving cultural context and meaning."
202,"Allosteric enzyme regulation demonstrates how protein conformational changes can modulate catalytic activity through binding of effector molecules at distant sites."
203,"Oxidative phosphorylation couples electron transport to ATP synthesis through chemiosmotic gradients, maximizing energy extraction from glucose metabolism."
204,"Electromagnetic induction principles enable efficient conversion of electrical energy to mechanical work through magnetic field interactions with current-carrying conductors."
205,"Climatological analysis distinguishes between short-term weather variability and long-term atmospheric patterns that define regional environmental characteristics."
206,"Economic equilibrium emerges from the intersection of supply and demand curves, establishing market-clearing prices that balance producer and consumer interests."
207,"Cardiovascular circulation involves coordinated atrial and ventricular contractions that maintain pressure gradients for efficient blood flow throughout the body."
208,"Artificial general intelligence research aims to develop cognitive architectures capable of flexible reasoning and learning across diverse problem domains."
209,"Hydrocarbon formation requires specific geological conditions including organic matter burial, thermal maturation, and migration to create exploitable fossil fuel deposits."
210,"Superscalar processor architectures enable parallel instruction execution through multiple functional units, increasing computational throughput and performance."
211,"Marine carbonate chemistry changes due to CO2 absorption affect calcifying organisms and disrupt oceanic food web dynamics."
212,"Stochastic population genetics models describe how random sampling effects influence allele frequencies, particularly in finite populations."
213,"Electromagnetic spectrum allocation enables wireless communication through frequency division multiplexing and modulation techniques."
214,"Computational fluid dynamics principles govern lift generation, drag minimization, and stability control in aerospace vehicle design."
215,"Accretion disk models explain planetary system formation through gravitational collapse and angular momentum conservation in protostellar nebulae."
216,"Enzyme kinetics follow Michaelis-Menten mechanisms where substrate binding and product release determine overall reaction rates."
217,"Mitochondrial biogenesis involves nuclear-encoded proteins and organellar gene expression coordinated through retrograde signaling pathways."
218,"Computational theories of consciousness explore how information integration and global workspace dynamics might generate subjective experience."
219,"Enhanced geothermal systems utilize hydraulic fracturing and heat exchangers to extract thermal energy from hot dry rock formations."
220,"Magnetospheric substorms result from solar wind energy storage and explosive release, creating dynamic auroral displays and ionospheric disturbances."
221,"Molecular chaperone networks prevent protein misfolding and aggregation through ATP-dependent conformational assistance during cellular stress."
222,"Information retrieval algorithms combine relevance scoring, link analysis, and user behavior modeling to rank search results effectively."
223,"Ribonucleic acid molecules serve diverse functions including protein synthesis, gene regulation, and catalytic activity in cellular processes."
224,"Statistical thermodynamics relates macroscopic properties to microscopic particle distributions through ensemble averaging and probability theory."
225,"Hybrid electric vehicle powertrains optimize energy efficiency through regenerative braking, battery storage, and intelligent power management systems."
226,"Synaptic plasticity mechanisms including long-term potentiation and depression enable learning and memory formation through connection strength modification."
227,"Advanced water treatment technologies combine membrane filtration, advanced oxidation, and biological processes for contaminant removal."
228,"Computer vision algorithms extract facial features and geometric relationships for biometric identification through deep learning architectures."
229,"General relativistic field equations describe spacetime curvature as a function of mass-energy distribution, explaining gravitational phenomena."
230,"Evolutionary algorithms simulate natural selection processes to optimize solutions through variation, selection, and inheritance mechanisms."
231,"Electrochemical energy storage systems utilize reversible redox reactions in lithium-ion cells for portable and grid-scale applications."
232,"Stratospheric ozone photochemistry involves complex reaction cycles that absorb ultraviolet radiation and protect Earth's surface."
233,"Quantum mechanical models of atomic structure explain electron configurations and chemical bonding through wave function solutions."
234,"Text-to-speech synthesis combines linguistic analysis, phonetic modeling, and signal processing to generate natural-sounding artificial speech."
235,"Quantum decoherence theory explains the transition from quantum superposition to classical definite states through environmental interaction."
236,"Genetic recombination during meiosis increases offspring diversity through crossing over and independent assortment of chromosomes."
237,"Machine learning recommendation systems utilize collaborative filtering and content-based approaches to predict user preferences."
238,"Viral replication strategies differ between DNA and RNA viruses, affecting host cell interactions and pathogenic mechanisms."
239,"Orogenic processes including subduction, collision, and accretion create mountain belts through tectonic plate interactions over geological time."
240,"Nuclear magnetic resonance spectroscopy exploits spin-spin coupling and chemical shifts for molecular structure determination."
241,"Glucose homeostasis involves pancreatic hormone regulation of hepatic glucose production and peripheral tissue uptake."
242,"Cellular automata and genetic algorithms demonstrate emergent complexity arising from simple rules and local interactions."
243,"Marine renewable energy systems harness tidal, wave, and ocean thermal gradients for sustainable electricity generation."
244,"Immunohematology studies blood group antigens and antibodies that determine transfusion compatibility and hemolytic disease risk."
245,"Photosystem complexes in chloroplasts capture light energy and drive electron transport chains for ATP and NADPH synthesis."
246,"Optical character recognition employs convolutional neural networks and feature extraction algorithms for text digitization."
247,"Dark energy observations suggest accelerated cosmic expansion driven by negative pressure components dominating universal dynamics."
248,"Mitotic spindle apparatus ensures accurate chromosome segregation through kinetochore attachment and checkpoint mechanisms."
249,"Quantum metrology exploits entanglement and squeezing to achieve measurement precision beyond classical shot-noise limits."
250,"Lymphoid organ development and immune cell trafficking coordinate adaptive immune responses through chemokine gradients."
251,"Adaptive optics systems correct atmospheric turbulence in ground-based telescopes using deformable mirrors and wavefront sensors."
252,"Innate immunity provides immediate pathogen recognition through pattern recognition receptors and complement activation pathways."
253,"Magmatic processes involve partial melting, fractional crystallization, and volatile degassing that drive volcanic eruptions."
254,"Resonant inductive coupling enables efficient wireless power transfer through magnetic field coupling between coil systems."
255,"Transcriptional regulation networks control gene expression through promoter elements, transcription factors, and chromatin modifications."
256,"Quantum field theory describes particle interactions through gauge symmetries and spontaneous symmetry breaking mechanisms."
257,"Astrodynamics principles govern spacecraft trajectory design using gravitational assists and orbital mechanics calculations."
258,"Black hole thermodynamics relates entropy to surface area and temperature to surface gravity through quantum field effects."
259,"CRISPR-Cas systems provide programmable genome editing through guide RNA-directed nuclease activity at specific DNA sequences."
260,"Synthetic aperture radar uses signal processing techniques to achieve high-resolution imaging through coherent pulse integration."
261,"Atmospheric optics explains rainbow formation through Mie scattering and internal reflection in spherical water droplets."
262,"Pluripotent stem cell differentiation involves epigenetic reprogramming and lineage specification through transcription factor networks."
263,"Microarchitecture design optimizes instruction-level parallelism through out-of-order execution and speculative processing techniques."
264,"Stratospheric chemistry models predict ozone recovery timescales following implementation of Montreal Protocol regulations."
265,"Phylogenetic analysis reconstructs evolutionary relationships through molecular sequence comparison and statistical inference methods."
266,"Laser physics involves population inversion, stimulated emission, and optical cavity resonance for coherent light amplification."
267,"Viral pathogenesis mechanisms include cell entry, replication, assembly, and release processes that determine disease outcomes."
268,"Grid-scale energy storage technologies include pumped hydro, compressed air, and electrochemical systems for renewable integration."
269,"Holographic data storage exploits volume recording and wavelength multiplexing for high-density information storage applications."
270,"Non-equilibrium thermodynamics describes irreversible processes and entropy production in open systems far from equilibrium."
271,"Space weather phenomena result from solar activity interactions with Earth's magnetosphere, affecting satellite operations and communications."
272,"Automatic speech recognition systems combine acoustic modeling, language modeling, and decoding algorithms for voice-to-text conversion."
273,"Industrial biotechnology utilizes engineered microorganisms for sustainable production of chemicals, fuels, and materials."
274,"Algorithmic fairness research addresses bias detection and mitigation in machine learning systems for equitable decision-making."
275,"Mobile computing architectures integrate low-power processors, wireless communication, and energy management for portable devices."
276,"Spacetime geometry in general relativity describes gravitational effects through metric tensor fields and geodesic equations."
277,"Tissue engineering combines biomaterials, cell biology, and growth factors to regenerate damaged organs and tissues."
278,"Superconducting magnetic levitation utilizes Meissner effect and flux pinning for frictionless transportation systems."
279,"Ecological network analysis quantifies species interactions and energy flow patterns in complex food web structures."
280,"Autonomous robotics integrates perception, planning, and control algorithms for intelligent behavior in unstructured environments."
281,"Brain-machine interfaces decode neural signals through signal processing and machine learning for prosthetic device control."
282,"Artificial superintelligence scenarios explore potential outcomes of recursive self-improvement in advanced AI systems."
283,"Metabolic engineering designs synthetic biological pathways for optimized production of pharmaceuticals and industrial compounds."
284,"Quantum key distribution protocols ensure information-theoretic security through quantum mechanical principles and no-cloning theorem."
285,"Holometabolous development involves complete morphological transformation through larval, pupal, and adult life stages."
286,"Spacecraft systems engineering addresses thermal management, radiation shielding, and life support for long-duration missions."
287,"Sensor fusion algorithms integrate multiple data sources for robust perception and decision-making in autonomous vehicles."
288,"Consciousness studies investigate neural correlates of awareness through neuroimaging and computational modeling approaches."
289,"Pharmacogenomics analyzes genetic variations affecting drug metabolism and response for personalized therapeutic strategies."
290,"Immersive virtual reality systems combine stereoscopic displays, spatial tracking, and haptic feedback for realistic experiences."
291,"Crystal nucleation and growth kinetics determine final material properties through thermodynamic and kinetic control mechanisms."
292,"Systems biology approaches integrate multi-omics data to understand complex biological networks and emergent properties."
293,"Proton exchange membrane fuel cells optimize electrochemical efficiency through catalyst design and membrane development."
294,"Quantum cosmology models explore universe origins through quantum gravity theories and inflationary scenarios."
295,"Smart agriculture technologies utilize IoT sensors, satellite imagery, and machine learning for precision crop management."
296,"Biometric authentication systems analyze physiological and behavioral characteristics for secure identity verification."
297,"Cellular senescence mechanisms involve telomere shortening, DNA damage accumulation, and inflammatory signaling pathways."
298,"Quantum advantage demonstrations show computational speedups for specific algorithms using quantum parallelism and interference."
299,"Neuroprosthetic devices restore sensorimotor function through bidirectional brain-computer interface technologies."
300,"Synthetic biology applications include biomanufacturing, environmental remediation, and therapeutic development using engineered organisms."